company_id,market_type,industry,company_name,industry_name
1101,TSE,1,台泥,水泥工業
1102,TSE,1,亞泥,水泥工業
1103,TSE,1,嘉泥,水泥工業
1104,TSE,1,環泥,水泥工業
1108,TSE,1,幸福,水泥工業
1109,TSE,1,信大,水泥工業
1110,TSE,1,東泥,水泥工業
1201,TSE,2,味全,食品工業
1203,TSE,2,味王,食品工業
1210,TSE,2,大成,食品工業
1213,TSE,2,大飲,食品工業
1215,TSE,2,卜蜂,食品工業
1216,TSE,2,統一,食品工業
1217,TSE,2,愛之味,食品工業
1218,TSE,2,泰山,食品工業
1219,TSE,2,福壽,食品工業
1220,TSE,2,台榮,食品工業
1225,TSE,2,福懋油,食品工業
1227,TSE,2,佳格,食品工業
1229,TSE,2,聯華,食品工業
1231,TSE,2,聯華食,食品工業
1232,TSE,2,大統益,食品工業
1233,TSE,2,天仁,食品工業
1234,TSE,2,黑松,食品工業
1235,TSE,2,興泰,食品工業
1236,TSE,2,宏亞,食品工業
1240,OTC,33,茂生農經,農業科技
1256,TSE,2,鮮活果汁-KY,食品工業
1259,OTC,16,安心,觀光餐旅
1264,OTC,2,德麥,食品工業
1268,OTC,16,漢來美食,觀光餐旅
1301,TSE,3,台塑,塑膠工業
1303,TSE,3,南亞,塑膠工業
1304,TSE,3,台聚,塑膠工業
1305,TSE,3,華夏,塑膠工業
1307,TSE,3,三芳,塑膠工業
1308,TSE,3,亞聚,塑膠工業
1309,TSE,3,台達化,塑膠工業
1310,TSE,3,台苯,塑膠工業
1312,TSE,3,國喬,塑膠工業
1313,TSE,3,聯成,塑膠工業
1314,TSE,3,中石化,塑膠工業
1315,TSE,3,達新,塑膠工業
1316,TSE,14,上曜,建材營造
1319,TSE,12,東陽,汽車工業
1321,TSE,3,大洋,塑膠工業
1323,TSE,3,永裕,塑膠工業
1324,TSE,3,地球,塑膠工業
1325,TSE,3,琱j,塑膠工業
1326,TSE,3,台化,塑膠工業
1336,OTC,28,台翰,電子零組件
1337,TSE,3,再生-KY,塑膠工業
1338,TSE,12,廣華-KY,汽車工業
1339,TSE,12,昭輝,汽車工業
1340,TSE,3,勝悅-KY,塑膠工業
1341,TSE,3,富林-KY,塑膠工業
1342,TSE,20,八貫,其他
1402,TSE,4,遠東新,紡織纖維
1409,TSE,4,新纖,紡織纖維
1410,TSE,4,南染,紡織纖維
1413,TSE,4,宏洲,紡織纖維
1414,TSE,4,東和,紡織纖維
1416,TSE,20,廣豐,其他
1417,TSE,4,嘉裕,紡織纖維
1418,TSE,4,東華,紡織纖維
1419,TSE,4,新紡,紡織纖維
1423,TSE,4,利華,紡織纖維
1432,TSE,37,大魯閣,運動休閒
1434,TSE,4,福懋,紡織纖維
1435,TSE,20,中福,其他
1436,TSE,14,華友聯,建材營造
1437,TSE,20,勤益控,其他
1438,TSE,14,三地開發,建材營造
1439,TSE,14,雋揚,建材營造
1440,TSE,4,南紡,紡織纖維
1441,TSE,4,大東,紡織纖維
1442,TSE,14,名軒,建材營造
1443,TSE,20,立益物流,其他
1444,TSE,4,力麗,紡織纖維
1445,TSE,4,大宇,紡織纖維
1446,TSE,4,宏和,紡織纖維
1447,TSE,4,力鵬,紡織纖維
1449,TSE,4,佳和,紡織纖維
1451,TSE,4,年興,紡織纖維
1452,TSE,4,宏益,紡織纖維
1453,TSE,14,大將,建材營造
1454,TSE,4,台富,紡織纖維
1455,TSE,4,集盛,紡織纖維
1456,TSE,14,怡華,建材營造
1457,TSE,4,宜進,紡織纖維
1459,TSE,4,聯發,紡織纖維
1460,TSE,4,宏遠,紡織纖維
1463,TSE,4,強盛,紡織纖維
1464,TSE,4,得力,紡織纖維
1465,TSE,4,偉全,紡織纖維
1466,TSE,4,聚隆,紡織纖維
1467,TSE,4,南緯,紡織纖維
1468,TSE,4,昶和,紡織纖維
1470,TSE,4,大統新創,紡織纖維
1471,TSE,28,首利,電子零組件
1472,TSE,14,三洋實業,建材營造
1473,TSE,4,台南,紡織纖維
1474,TSE,4,弘裕,紡織纖維
1475,TSE,4,業旺,紡織纖維
1476,TSE,4,儒鴻,紡織纖維
1477,TSE,4,聚陽,紡織纖維
1503,TSE,5,士電,電機機械
1504,TSE,5,東元,電機機械
1506,TSE,5,正道,電機機械
1512,TSE,12,瑞利,汽車工業
1513,TSE,5,中興電,電機機械
1514,TSE,5,亞力,電機機械
1515,TSE,5,力山,電機機械
1516,TSE,20,川飛,其他
1517,TSE,5,利奇,電機機械
1519,TSE,5,華城,電機機械
1521,TSE,12,大億,汽車工業
1522,TSE,12,堤維西,汽車工業
1524,TSE,12,耿鼎,汽車工業
1525,TSE,12,江申,汽車工業
1526,TSE,5,日馳,電機機械
1527,TSE,5,鑽全,電機機械
1528,TSE,5,恩德,電機機械
1529,TSE,5,樂事綠能,電機機械
1530,TSE,5,亞崴,電機機械
1531,TSE,5,高林股,電機機械
1532,TSE,5,勤美,電機機械
1533,TSE,12,車王電,汽車工業
1535,TSE,5,中宇,電機機械
1536,TSE,12,和大,汽車工業
1537,TSE,5,廣隆,電機機械
1538,TSE,5,正峰,電機機械
1539,TSE,5,巨庭,電機機械
1540,TSE,5,喬福,電機機械
1541,TSE,5,錩泰,電機機械
1558,TSE,5,伸興,電機機械
1560,TSE,5,中砂,電機機械
1565,OTC,22,精華,生技醫療
1568,TSE,12,倉佑,汽車工業
1569,OTC,25,濱川,電腦及週邊
1570,OTC,5,力肯,電機機械
1580,OTC,5,新麥,電機機械
1582,TSE,28,信錦,電子零組件
1583,TSE,5,程泰,電機機械
1584,OTC,20,精剛,其他
1586,OTC,5,和勤,電機機械
1587,TSE,12,吉茂,汽車工業
1589,TSE,5,永冠-KY,電機機械
1590,TSE,5,亞德客-KY,電機機械
1591,OTC,5,駿吉-KY,電機機械
1593,OTC,37,祺驊,運動休閒
1595,OTC,28,川寶,電子零組件
1597,TSE,5,直得,電機機械
1598,TSE,37,岱宇,運動休閒
1599,OTC,5,宏佳騰,電機機械
1603,TSE,6,華電,電器電纜
1604,TSE,6,聲寶,電器電纜
1605,TSE,6,華新,電器電纜
1608,TSE,6,華榮,電器電纜
1609,TSE,6,大亞,電器電纜
1611,TSE,6,中電,電器電纜
1612,TSE,6,宏泰,電器電纜
1614,TSE,6,三洋電,電器電纜
1615,TSE,6,大山,電器電纜
1616,TSE,6,億泰,電器電纜
1617,TSE,6,榮星,電器電纜
1618,TSE,6,合機,電器電纜
1626,TSE,6,艾美特-KY,電器電纜
1701,TSE,22,中化,生技醫療
1702,TSE,2,南僑,食品工業
1707,TSE,22,葡萄王,生技醫療
1708,TSE,21,東鹼,化學工業
1709,TSE,21,和益,化學工業
1710,TSE,21,東聯,化學工業
1711,TSE,21,永光,化學工業
1712,TSE,21,興農,化學工業
1713,TSE,21,國化,化學工業
1714,TSE,21,和桐,化學工業
1717,TSE,21,長興,化學工業
1718,TSE,21,中纖,化學工業
1720,TSE,22,生達,生技醫療
1721,TSE,21,三晃,化學工業
1722,TSE,21,台肥,化學工業
1723,TSE,21,中碳,化學工業
1725,TSE,21,元禎,化學工業
1726,TSE,21,永記,化學工業
1727,TSE,21,中華化,化學工業
1730,TSE,21,花仙子,化學工業
1731,TSE,22,美吾華,生技醫療
1732,TSE,21,毛寶,化學工業
1733,TSE,22,五鼎,生技醫療
1734,TSE,22,杏輝,生技醫療
1735,TSE,21,日勝化,化學工業
1736,TSE,37,喬山,運動休閒
1737,TSE,2,臺鹽,食品工業
1742,OTC,21,台蠟,化學工業
1752,TSE,22,南光,生技醫療
1760,TSE,22,寶齡富錦,生技醫療
1762,TSE,22,中化生,生技醫療
1773,TSE,21,勝一,化學工業
1776,TSE,21,展宇,化學工業
1777,OTC,22,生泰,生技醫療
1781,OTC,22,合世,生技醫療
1783,TSE,22,和康生,生技醫療
1784,OTC,22,訊聯,生技醫療
1785,OTC,31,光洋科,其他電子業
1786,TSE,22,科妍,生技醫療
1788,OTC,22,杏昌,生技醫療
1789,TSE,22,神隆,生技醫療
1795,TSE,22,美時,生技醫療
1796,OTC,2,金穎生技,食品工業
1799,OTC,22,易威,生技醫療
1802,TSE,8,台玻,玻璃陶瓷
1805,TSE,14,寶徠,建材營造
1806,TSE,8,冠軍,玻璃陶瓷
1808,TSE,14,潤隆,建材營造
1809,TSE,8,中釉,玻璃陶瓷
1810,TSE,8,和成,玻璃陶瓷
1813,OTC,22,寶利徠,生技醫療
1815,OTC,28,富喬,電子零組件
1817,TSE,8,凱撒衛,玻璃陶瓷
1903,TSE,9,士紙,造紙工業
1904,TSE,9,正隆,造紙工業
1905,TSE,9,華紙,造紙工業
1906,TSE,9,寶隆,造紙工業
1907,TSE,9,永豐餘,造紙工業
1909,TSE,9,榮成,造紙工業
2002,TSE,10,中鋼,鋼鐵工業
2006,TSE,10,東和鋼鐵,鋼鐵工業
2007,TSE,10,燁興,鋼鐵工業
2008,TSE,10,高興昌,鋼鐵工業
2009,TSE,10,第一銅,鋼鐵工業
2010,TSE,10,春源,鋼鐵工業
2012,TSE,10,春雨,鋼鐵工業
2013,TSE,10,中鋼構,鋼鐵工業
2014,TSE,10,中鴻,鋼鐵工業
2015,TSE,10,豐興,鋼鐵工業
2017,TSE,10,官田鋼,鋼鐵工業
2020,TSE,10,美亞,鋼鐵工業
2022,TSE,10,聚亨,鋼鐵工業
2023,TSE,10,燁輝,鋼鐵工業
2024,TSE,10,志聯,鋼鐵工業
2025,TSE,10,千興,鋼鐵工業
2027,TSE,10,大成鋼,鋼鐵工業
2028,TSE,10,威致,鋼鐵工業
2029,TSE,10,盛餘,鋼鐵工業
2030,TSE,10,彰源,鋼鐵工業
2031,TSE,10,新光鋼,鋼鐵工業
2032,TSE,10,新鋼,鋼鐵工業
2033,TSE,10,佳大,鋼鐵工業
2034,TSE,10,允強,鋼鐵工業
2035,OTC,10,唐榮,鋼鐵工業
2038,TSE,10,海光,鋼鐵工業
2049,TSE,5,上銀,電機機械
2059,TSE,28,川湖,電子零組件
2061,OTC,6,風青,電器電纜
2062,TSE,38,橋椿,居家生活
2063,OTC,10,世鎧,鋼鐵工業
2064,OTC,10,晉椿,鋼鐵工業
2065,OTC,10,世豐,鋼鐵工業
2066,OTC,5,世德,電機機械
2067,OTC,5,嘉鋼,電機機械
2069,TSE,10,運錩,鋼鐵工業
2070,OTC,5,精湛,電機機械
2073,OTC,10,雄順,鋼鐵工業
2101,TSE,11,南港,橡膠工業
2102,TSE,11,泰豐,橡膠工業
2103,TSE,11,台橡,橡膠工業
2104,TSE,11,國際中橡,橡膠工業
2105,TSE,11,正新,橡膠工業
2106,TSE,11,建大,橡膠工業
2107,TSE,11,厚生,橡膠工業
2108,TSE,11,南帝,橡膠工業
2109,TSE,11,華豐,橡膠工業
2114,TSE,11,鑫永銓,橡膠工業
2115,TSE,12,六暉-KY,汽車工業
2201,TSE,12,裕隆,汽車工業
2204,TSE,12,中華,汽車工業
2206,TSE,12,三陽工業,汽車工業
2207,TSE,12,和泰車,汽車工業
2208,TSE,15,台船,航運業
2211,TSE,10,長榮鋼,鋼鐵工業
2221,OTC,20,大甲,其他
2227,TSE,12,裕日車,汽車工業
2228,TSE,12,劍麟,汽車工業
2230,OTC,5,泰茂,電機機械
2231,TSE,12,為升,汽車工業
2233,TSE,12,宇隆,汽車工業
2235,OTC,5,謚源,電機機械
2236,TSE,12,百達-KY,汽車工業
2239,TSE,12,英利-KY,汽車工業
2241,TSE,12,艾姆勒,汽車工業
2243,TSE,12,宏旭-KY,汽車工業
2247,TSE,12,汎德永業,汽車工業
2250,TSE,12,IKKA-KY,汽車工業
2301,TSE,25,光寶科,電腦及週邊
2302,TSE,24,麗正,半導體
2303,TSE,24,聯電,半導體
2305,TSE,25,全友,電腦及週邊
2308,TSE,28,台達電,電子零組件
2312,TSE,31,金寶,其他電子業
2313,TSE,28,華通,電子零組件
2314,TSE,27,台揚,通信網路業
2316,TSE,28,楠梓電,電子零組件
2317,TSE,31,鴻海,其他電子業
2321,TSE,27,東訊,通信網路業
2323,TSE,26,中環,光電業
2324,TSE,25,仁寶,電腦及週邊
2327,TSE,28,國巨,電子零組件
2328,TSE,28,廣宇,電子零組件
2329,TSE,24,華泰,半導體
2330,TSE,24,台積電,半導體
2331,TSE,25,精英,電腦及週邊
2332,TSE,27,友訊,通信網路業
2337,TSE,24,旺宏,半導體
2338,TSE,24,光罩,半導體
2340,TSE,24,台亞,半導體
2342,TSE,24,茂矽,半導體
2344,TSE,24,華邦電,半導體
2345,TSE,27,智邦,通信網路業
2347,TSE,29,聯強,電子通路業
2348,TSE,20,海悅,其他
2349,TSE,26,錸德,光電業
2351,TSE,24,順德,半導體
2352,TSE,25,佳世達,電腦及週邊
2353,TSE,25,宏,電腦及週邊
2354,TSE,31,鴻準,其他電子業
2355,TSE,28,敬鵬,電子零組件
2356,TSE,25,英業達,電腦及週邊
2357,TSE,25,華碩,電腦及週邊
2358,TSE,20,廷鑫,其他
2359,TSE,31,所羅門,其他電子業
2360,TSE,31,致茂,其他電子業
2362,TSE,25,藍天,電腦及週邊
2363,TSE,24,矽統,半導體
2364,TSE,25,倫飛,電腦及週邊
2365,TSE,25,昆盈,電腦及週邊
2367,TSE,28,燿華,電子零組件
2368,TSE,28,金像電,電子零組件
2369,TSE,24,菱生,半導體
2371,TSE,5,大同,電機機械
2373,TSE,31,震旦行,其他電子業
2374,TSE,26,佳能,光電業
2375,TSE,28,凱美,電子零組件
2376,TSE,25,技嘉,電腦及週邊
2377,TSE,25,微星,電腦及週邊
2379,TSE,24,瑞昱,半導體
2380,TSE,25,虹光,電腦及週邊
2382,TSE,25,廣達,電腦及週邊
2383,TSE,28,台光電,電子零組件
2385,TSE,28,群光,電子零組件
2387,TSE,25,精元,電腦及週邊
2388,TSE,24,威盛,半導體
2390,TSE,31,云辰,其他電子業
2392,TSE,28,正崴,電子零組件
2393,TSE,26,億光,光電業
2395,TSE,25,研華,電腦及週邊
2397,TSE,25,友通,電腦及週邊
2399,TSE,25,映泰,電腦及週邊
2401,TSE,24,凌陽,半導體
2402,TSE,28,毅嘉,電子零組件
2404,TSE,31,漢唐,其他電子業
2405,TSE,25,輔信,電腦及週邊
2406,TSE,26,國碩,光電業
2408,TSE,24,南亞科,半導體
2409,TSE,26,友達,光電業
2412,TSE,27,中華電,通信網路業
2413,TSE,28,環科,電子零組件
2414,TSE,29,精技,電子通路業
2415,TSE,28,錩新,電子零組件
2417,TSE,25,圓剛,電腦及週邊
2419,TSE,27,仲琦,通信網路業
2420,TSE,28,新巨,電子零組件
2421,TSE,28,建準,電子零組件
2423,TSE,31,固緯,其他電子業
2424,TSE,27,隴華,通信網路業
2425,TSE,25,承啟,電腦及週邊
2426,TSE,26,鼎元,光電業
2427,TSE,30,三商電,資訊服務業
2428,TSE,28,興勤,電子零組件
2429,TSE,26,銘旺科,光電業
2430,TSE,29,燦坤,電子通路業
2431,TSE,28,聯昌,電子零組件
2433,TSE,31,互盛電,其他電子業
2434,TSE,24,統懋,半導體
2436,TSE,24,偉詮電,半導體
2438,TSE,26,翔耀,光電業
2439,TSE,27,美律,通信網路業
2440,TSE,28,太空梭,電子零組件
2441,TSE,24,超豐,半導體
2442,TSE,14,新美齊,建材營造
2443,TSE,20,昶虹,其他
2444,TSE,27,兆勁,通信網路業
2449,TSE,24,京元電子,半導體
2450,TSE,27,神腦,通信網路業
2451,TSE,24,創見,半導體
2453,TSE,30,凌群,資訊服務業
2454,TSE,24,聯發科,半導體
2455,TSE,27,全新,通信網路業
2457,TSE,28,飛宏,電子零組件
2458,TSE,24,義隆,半導體
2459,TSE,31,敦吉,其他電子業
2460,TSE,28,建通,電子零組件
2461,TSE,31,光群雷,其他電子業
2462,TSE,28,良得電,電子零組件
2464,TSE,31,盟立,其他電子業
2465,TSE,25,麗臺,電腦及週邊
2466,TSE,26,冠西電,光電業
2467,TSE,28,志聖,電子零組件
2468,TSE,30,華經,資訊服務業
2471,TSE,30,資通,資訊服務業
2472,TSE,28,立隆電,電子零組件
2474,TSE,31,可成,其他電子業
2476,TSE,28,鉅祥,電子零組件
2477,TSE,31,美隆電,其他電子業
2478,TSE,28,大毅,電子零組件
2480,TSE,30,敦陽科,資訊服務業
2481,TSE,24,強茂,半導體
2482,TSE,31,連宇,其他電子業
2483,TSE,28,百容,電子零組件
2484,TSE,28,希華,電子零組件
2485,TSE,27,兆赫,通信網路業
2486,TSE,26,一詮,光電業
2488,TSE,31,漢平,其他電子業
2489,TSE,26,瑞軒,光電業
2491,TSE,26,吉祥全,光電業
2492,TSE,28,華新科,電子零組件
2493,TSE,28,揚博,電子零組件
2495,TSE,25,普安,電腦及週邊
2496,TSE,20,卓越,其他
2497,TSE,12,怡利電,汽車工業
2498,TSE,27,宏達電,通信網路業
2501,TSE,14,國建,建材營造
2504,TSE,14,國產,建材營造
2505,TSE,14,國揚,建材營造
2506,TSE,14,太設,建材營造
2509,TSE,14,全坤建,建材營造
2511,TSE,14,太子,建材營造
2514,TSE,20,龍邦,其他
2515,TSE,14,中工,建材營造
2516,TSE,14,新建,建材營造
2520,TSE,14,冠德,建材營造
2524,TSE,14,京城,建材營造
2527,TSE,14,宏璟,建材營造
2528,TSE,14,皇普,建材營造
2530,TSE,14,華建,建材營造
2534,TSE,14,宏盛,建材營造
2535,TSE,14,達欣工,建材營造
2536,TSE,14,宏普,建材營造
2537,TSE,14,聯上發,建材營造
2538,TSE,14,基泰,建材營造
2539,TSE,14,櫻花建,建材營造
2540,TSE,14,愛山林,建材營造
2542,TSE,14,興富發,建材營造
2543,TSE,14,皇昌,建材營造
2545,TSE,14,皇翔,建材營造
2546,TSE,14,根基,建材營造
2547,TSE,14,日勝生,建材營造
2548,TSE,14,華固,建材營造
2596,OTC,14,綠意,建材營造
2597,TSE,14,潤弘,建材營造
2601,TSE,18,益航,貿易百貨
2603,TSE,15,長榮,航運業
2605,TSE,15,新興,航運業
2606,TSE,15,裕民,航運業
2607,TSE,15,榮運,航運業
2608,TSE,15,嘉里大榮,航運業
2609,TSE,15,陽明,航運業
2610,TSE,15,華航,航運業
2611,TSE,15,志信,航運業
2612,TSE,15,中航,航運業
2613,TSE,15,中櫃,航運業
2614,TSE,20,東森,其他
2615,TSE,15,萬海,航運業
2616,TSE,23,山隆,油電燃氣業
2617,TSE,15,台航,航運業
2618,TSE,15,長榮航,航運業
2630,TSE,15,亞航,航運業
2633,TSE,15,台灣高鐵,航運業
2634,TSE,15,漢翔,航運業
2636,TSE,15,台驊投控,航運業
2637,TSE,15,慧洋-KY,航運業
2640,OTC,36,大車隊,數位雲端
2641,OTC,15,正德,航運業
2642,TSE,15,宅配通,航運業
2643,OTC,15,捷迅,航運業
2645,TSE,15,長榮航太,航運業
2701,TSE,16,萬企,觀光餐旅
2702,TSE,16,華園,觀光餐旅
2704,TSE,16,國賓,觀光餐旅
2705,TSE,16,六福,觀光餐旅
2706,TSE,16,第一店,觀光餐旅
2707,TSE,16,晶華,觀光餐旅
2712,TSE,16,遠雄來,觀光餐旅
2718,OTC,14,晶悅,建材營造
2719,OTC,16,燦星旅,觀光餐旅
2722,TSE,16,夏都,觀光餐旅
2723,TSE,16,美食-KY,觀光餐旅
2724,OTC,16,富驛-KY,觀光餐旅
2726,OTC,16,雅茗-KY,觀光餐旅
2727,TSE,16,王品,觀光餐旅
2729,OTC,16,瓦城,觀光餐旅
2731,TSE,16,雄獅,觀光餐旅
2732,OTC,16,六角,觀光餐旅
2734,OTC,16,易飛網,觀光餐旅
2736,OTC,16,富野,觀光餐旅
2739,TSE,16,寒舍,觀光餐旅
2740,OTC,16,天蔥,觀光餐旅
2743,OTC,16,山富,觀光餐旅
2745,OTC,16,五福,觀光餐旅
2748,TSE,16,雲品,觀光餐旅
2752,OTC,16,豆府,觀光餐旅
2753,TSE,16,八方雲集,觀光餐旅
2754,OTC,16,亞洲藏壽司,觀光餐旅
2755,OTC,16,揚秦,觀光餐旅
2756,OTC,16,聯發國際,觀光餐旅
2801,TSE,17,彰銀,金融業
2809,TSE,17,京城銀,金融業
2812,TSE,17,台中銀,金融業
2816,TSE,17,旺旺保,金融業
2820,TSE,17,華票,金融業
2832,TSE,17,台產,金融業
2834,TSE,17,臺企銀,金融業
2836,TSE,17,高雄銀,金融業
2838,TSE,17,聯邦銀,金融業
2845,TSE,17,遠東銀,金融業
2849,TSE,17,安泰銀,金融業
2850,TSE,17,新產,金融業
2851,TSE,17,中再保,金融業
2852,TSE,17,第一保,金融業
2855,TSE,17,統一證,金融業
2867,TSE,17,三商壽,金融業
2880,TSE,17,華南金,金融業
2881,TSE,17,富邦金,金融業
2882,TSE,17,國泰金,金融業
2883,TSE,17,開發金,金融業
2884,TSE,17,玉山金,金融業
2885,TSE,17,元大金,金融業
2886,TSE,17,兆豐金,金融業
2887,TSE,17,台新金,金融業
2888,TSE,17,新光金,金融業
2889,TSE,17,國票金,金融業
2890,TSE,17,永豐金,金融業
2891,TSE,17,中信金,金融業
2892,TSE,17,第一金,金融業
2897,TSE,17,王道銀行,金融業
2901,TSE,18,欣欣,貿易百貨
2903,TSE,18,遠百,貿易百貨
2904,TSE,20,匯僑,其他
2905,TSE,18,三商,貿易百貨
2906,TSE,18,高林,貿易百貨
2908,TSE,18,特力,貿易百貨
2910,TSE,18,統領,貿易百貨
2911,TSE,18,麗嬰房,貿易百貨
2912,TSE,18,統一超,貿易百貨
2913,TSE,18,農林,貿易百貨
2915,TSE,18,潤泰全,貿易百貨
2916,OTC,38,滿心,居家生活
2923,TSE,14,鼎固-KY,建材營造
2924,OTC,38,宏太-KY,居家生活
2926,OTC,32,誠品生活,文化創意業
2929,TSE,18,淘帝-KY,貿易百貨
2937,OTC,38,集雅社,居家生活
2939,TSE,18,凱羿-KY,貿易百貨
2945,TSE,18,三商家購,貿易百貨
2947,OTC,38,振宇五金,居家生活
3002,TSE,25,歐格,電腦及週邊
3003,TSE,28,健和興,電子零組件
3004,TSE,10,豐達科,鋼鐵工業
3005,TSE,25,神基,電腦及週邊
3006,TSE,24,晶豪科,半導體
3008,TSE,26,大立光,光電業
3010,TSE,29,華立,電子通路業
3011,TSE,28,今皓,電子零組件
3013,TSE,25,晟銘電,電腦及週邊
3014,TSE,24,聯陽,半導體
3015,TSE,28,全漢,電子零組件
3016,TSE,24,嘉晶,半導體
3017,TSE,25,奇鋐,電腦及週邊
3018,TSE,31,隆銘綠能,其他電子業
3019,TSE,26,亞光,光電業
3021,TSE,28,鴻名,電子零組件
3022,TSE,25,威強電,電腦及週邊
3023,TSE,28,信邦,電子零組件
3024,TSE,26,憶聲,光電業
3025,TSE,27,星通,通信網路業
3026,TSE,28,禾伸堂,電子零組件
3027,TSE,27,盛達,通信網路業
3028,TSE,29,增你強,電子通路業
3029,TSE,30,零壹,資訊服務業
3030,TSE,31,德律,其他電子業
3031,TSE,26,佰鴻,光電業
3032,TSE,28,偉訓,電子零組件
3033,TSE,29,威健,電子通路業
3034,TSE,24,聯詠,半導體
3035,TSE,24,智原,半導體
3036,TSE,29,文曄,電子通路業
3037,TSE,28,欣興,電子零組件
3038,TSE,26,全台,光電業
3040,TSE,20,遠見,其他
3041,TSE,24,揚智,半導體
3042,TSE,28,晶技,電子零組件
3043,TSE,31,科風,其他電子業
3044,TSE,28,健鼎,電子零組件
3045,TSE,27,台灣大,通信網路業
3046,TSE,25,建,電腦及週邊
3047,TSE,27,訊舟,通信網路業
3048,TSE,29,益登,電子通路業
3049,TSE,26,精金,光電業
3050,TSE,26,鈺德,光電業
3051,TSE,26,力特,光電業
3052,TSE,14,夆典,建材營造
3054,TSE,2,立萬利,食品工業
3055,TSE,29,蔚華科,電子通路業
3056,TSE,14,富華新,建材營造
3057,TSE,25,喬鼎,電腦及週邊
3058,TSE,28,立德,電子零組件
3059,TSE,26,華晶科,光電業
3060,TSE,25,銘異,電腦及週邊
3062,TSE,27,建漢,通信網路業
3064,OTC,32,泰偉,文化創意業
3066,OTC,26,李洲,光電業
3067,OTC,31,全域,其他電子業
3071,OTC,25,協禧,電腦及週邊
3073,OTC,35,天方能源,綠能環保
3078,OTC,28,僑威,電子零組件
3081,OTC,27,聯亞,通信網路業
3083,OTC,32,網龍,文化創意業
3085,OTC,36,新零售,數位雲端
3086,OTC,32,華義,文化創意業
3088,OTC,25,艾訊,電腦及週邊
3089,OTC,28,億杰,電子零組件
3090,TSE,28,日電貿,電子零組件
3092,TSE,28,鴻碩,電子零組件
3093,OTC,31,港建*,其他電子業
3094,TSE,24,聯傑,半導體
3095,OTC,27,及成,通信網路業
3105,OTC,24,穩懋,半導體
3114,OTC,28,好德,電子零組件
3115,OTC,28,富榮綱,電子零組件
3118,OTC,22,進階,生技醫療
3122,OTC,24,笙泉,半導體
3128,OTC,26,昇銳,光電業
3130,TSE,36,一零四,數位雲端
3131,OTC,31,弘塑,其他電子業
3138,TSE,27,耀登,通信網路業
3141,OTC,24,晶宏,半導體
3147,OTC,30,大綜,資訊服務業
3149,TSE,26,正達,光電業
3152,OTC,27,璟德,通信網路業
3162,OTC,5,精確,電機機械
3163,OTC,27,波若威,通信網路業
3164,TSE,22,景岳,生技醫療
3167,TSE,5,大量,電機機械
3169,OTC,24,亞信,半導體
3171,OTC,38,新洲,居家生活
3176,OTC,22,基亞,生技醫療
3178,OTC,24,公準,半導體
3188,OTC,14,鑫龍騰,建材營造
3189,TSE,24,景碩,半導體
3191,OTC,28,雲嘉南科技,電子零組件
3202,OTC,28,樺晟,電子零組件
3205,OTC,22,佰研,生技醫療
3206,OTC,28,志豐,電子零組件
3207,OTC,28,耀勝,電子零組件
3209,TSE,29,全科,電子通路業
3211,OTC,25,順達,電腦及週邊
3213,OTC,25,茂訊,電腦及週邊
3217,OTC,28,優群,電子零組件
3218,OTC,22,大學光,生技醫療
3219,OTC,31,倚強科,其他電子業
3221,OTC,27,台嘉碩,通信網路業
3224,OTC,29,三顧,電子通路業
3226,OTC,5,至寶電,電機機械
3227,OTC,24,原相,半導體
3228,OTC,24,金麗科,半導體
3229,TSE,28,晟鈦,電子零組件
3230,OTC,26,錦明,光電業
3231,TSE,25,緯創,電腦及週邊
3232,OTC,29,昱捷,電子通路業
3234,OTC,27,光環,通信網路業
3236,OTC,28,千如,電子零組件
3252,OTC,16,海灣,觀光餐旅
3257,TSE,24,虹冠電,半導體
3259,OTC,24,鑫創,半導體
3260,OTC,24,威剛,半導體
3264,OTC,24,欣銓,半導體
3265,OTC,24,台星科,半導體
3266,TSE,14,昇陽,建材營造
3268,OTC,24,海德威,半導體
3272,OTC,25,東碩,電腦及週邊
3276,OTC,28,宇環,電子零組件
3284,OTC,20,太普高,其他
3285,OTC,31,微端,其他電子業
3287,OTC,25,廣寰科,電腦及週邊
3288,OTC,28,點晶,電子零組件
3289,OTC,31,宜特,其他電子業
3290,OTC,28,東浦,電子零組件
3293,OTC,32,鈊象,文化創意業
3294,OTC,28,英濟,電子零組件
3296,TSE,28,勝德,電子零組件
3297,OTC,26,杭特,光電業
3303,OTC,31,岱稜,其他電子業
3305,TSE,31,昇貿,其他電子業
3306,OTC,27,鼎天,通信網路業
3308,TSE,28,聯德,電子零組件
3310,OTC,28,佳穎,電子零組件
3311,TSE,27,閎暉,通信網路業
3312,TSE,29,弘憶股,電子通路業
3313,OTC,20,斐成,其他
3317,OTC,24,尼克森,半導體
3321,TSE,28,同泰,電子零組件
3322,OTC,28,建舜電,電子零組件
3323,OTC,25,加百裕,電腦及週邊
3324,OTC,31,雙鴻,其他電子業
3325,OTC,25,旭品,電腦及週邊
3332,OTC,28,幸康,電子零組件
3338,TSE,28,泰碩,電子零組件
3339,OTC,26,泰谷,光電業
3346,TSE,12,麗清,汽車工業
3349,OTC,25,寶德,電腦及週邊
3354,OTC,28,律勝,電子零組件
3356,TSE,26,奇偶,光電業
3357,OTC,28,臺慶科,電子零組件
3360,OTC,29,尚立,電子通路業
3362,OTC,26,先進光,光電業
3363,OTC,27,上詮,通信網路業
3372,OTC,24,典範,半導體
3373,OTC,31,熱映,其他電子業
3374,OTC,24,精材,半導體
3376,TSE,28,新日興,電子零組件
3379,OTC,5,彬台,電機機械
3380,TSE,27,明泰,通信網路業
3388,OTC,28,崇越電,電子零組件
3390,OTC,28,旭軟,電子零組件
3402,OTC,31,漢科,其他電子業
3406,TSE,26,玉晶光,光電業
3413,TSE,24,京鼎,半導體
3416,TSE,25,融程電,電腦及週邊
3419,TSE,27,譁裕,通信網路業
3426,OTC,5,台興,電機機械
3430,OTC,21,奇鈦科,化學工業
3432,TSE,28,台端,電子零組件
3434,OTC,26,哲固,光電業
3437,TSE,26,榮創,光電業
3438,OTC,24,類比科,半導體
3441,OTC,26,聯一光,光電業
3443,TSE,24,創意,半導體
3444,OTC,29,利機,電子通路業
3447,TSE,27,展達,通信網路業
3450,TSE,24,聯鈞,半導體
3454,TSE,26,晶睿,光電業
3455,OTC,26,由田,光電業
3465,OTC,28,進泰電子,電子零組件
3466,OTC,27,德晉,通信網路業
3479,OTC,25,安勤,電腦及週邊
3481,TSE,26,群創,光電業
3483,OTC,25,力致,電腦及週邊
3484,OTC,28,崧騰,電子零組件
3489,OTC,14,森寶,建材營造
3490,OTC,26,單井,光電業
3491,OTC,27,昇達科,通信網路業
3492,OTC,28,長盛,電子零組件
3494,TSE,25,誠研,電腦及週邊
3498,OTC,31,陽程,其他電子業
3499,OTC,27,環天科,通信網路業
3501,TSE,28,維熹,電子零組件
3504,TSE,26,揚明光,光電業
3508,OTC,31,位速,其他電子業
3511,OTC,28,矽瑪,電子零組件
3512,OTC,14,皇龍,建材營造
3515,TSE,25,華擎,電腦及週邊
3516,OTC,26,亞帝歐,光電業
3518,TSE,31,柏騰,其他電子業
3520,OTC,28,華盈,電子零組件
3521,OTC,25,鴻翊,電腦及週邊
3522,OTC,16,御頂,觀光餐旅
3523,OTC,26,迎輝,光電業
3526,OTC,28,凡甲,電子零組件
3527,OTC,24,聚積,半導體
3528,TSE,29,安馳,電子通路業
3529,OTC,24,力旺,半導體
3530,TSE,24,晶相光,半導體
3531,OTC,26,先益,光電業
3532,TSE,24,台勝科,半導體
3533,TSE,28,嘉澤,電子零組件
3535,TSE,26,晶彩科,光電業
3537,OTC,28,堡達,電子零組件
3540,OTC,25,曜越,電腦及週邊
3541,OTC,31,西柏,其他電子業
3543,TSE,26,州巧,光電業
3545,TSE,24,敦泰,半導體
3546,OTC,32,宇峻,文化創意業
3548,OTC,28,兆利,電子零組件
3550,TSE,28,聯穎,電子零組件
3551,OTC,35,世禾,綠能環保
3552,OTC,31,同致,其他電子業
3555,OTC,24,博士旺,半導體
3556,OTC,24,禾瑞亞,半導體
3557,TSE,38,嘉威,居家生活
3558,OTC,27,神準,通信網路業
3563,TSE,26,牧德,光電業
3564,OTC,27,其陽,通信網路業
3567,OTC,24,逸昌,半導體
3570,OTC,30,大塚,資訊服務業
3576,TSE,26,聯合再生,光電業
3577,OTC,25,泓格,電腦及週邊
3580,OTC,31,友威科,其他電子業
3581,OTC,24,博磊,半導體
3583,TSE,24,辛耘,半導體
3587,OTC,31,閎康,其他電子業
3588,TSE,24,通嘉,半導體
3591,TSE,26,艾笛森,光電業
3592,TSE,24,瑞鼎,半導體
3593,TSE,28,力銘,電子零組件
3594,OTC,25,磐儀,電腦及週邊
3596,TSE,27,智易,通信網路業
3597,OTC,28,映興,電子零組件
3605,TSE,28,宏致,電子零組件
3607,TSE,28,谷崧,電子零組件
3609,OTC,28,三一東林,電子零組件
3611,OTC,25,鼎翰,電腦及週邊
3615,OTC,26,安可,光電業
3617,TSE,31,碩天,其他電子業
3622,TSE,26,洋華,光電業
3623,OTC,26,富晶通,光電業
3624,OTC,28,光頡,電子零組件
3625,OTC,25,西勝,電腦及週邊
3628,OTC,31,盈正,其他電子業
3629,OTC,32,地心引力,文化創意業
3630,OTC,26,新鉅科,光電業
3631,OTC,28,晟楠,電子零組件
3632,OTC,27,研勤,通信網路業
3645,TSE,28,達邁,電子零組件
3646,OTC,28,艾恩特,電子零組件
3652,TSE,25,精聯,電腦及週邊
3653,TSE,28,健策,電子零組件
3661,TSE,24,世芯-KY,半導體
3663,OTC,31,鑫科,其他電子業
3664,OTC,27,安瑞-KY,通信網路業
3665,TSE,31,貿聯-KY,其他電子業
3666,OTC,26,光耀,光電業
3669,TSE,27,圓展,通信網路業
3672,OTC,27,康聯訊,通信網路業
3673,TSE,26,TPK-KY,光電業
3675,OTC,24,德微,半導體
3679,TSE,28,新至陞,電子零組件
3680,OTC,24,家登,半導體
3682,TSE,27,亞太電,通信網路業
3684,OTC,27,榮昌,通信網路業
3685,OTC,5,元創精密,電機機械
3686,TSE,24,達能,半導體
3687,OTC,36,歐買尬,數位雲端
3689,OTC,28,湧德,電子零組件
3691,OTC,26,碩禾,光電業
3693,OTC,25,營邦,電腦及週邊
3694,TSE,27,海華,通信網路業
3701,TSE,25,大眾控,電腦及週邊
3702,TSE,29,大聯大,電子通路業
3703,TSE,14,欣陸,建材營造
3704,TSE,27,合勤控,通信網路業
3705,TSE,22,永信,生技醫療
3706,TSE,25,神達,電腦及週邊
3707,OTC,24,漢磊,半導體
3708,TSE,35,上緯投控,綠能環保
3709,OTC,25,鑫聯大投控,電腦及週邊
3710,OTC,28,連展投控,電子零組件
3711,TSE,24,日月光投控,半導體
3712,TSE,25,永崴投控,電腦及週邊
3713,OTC,35,新晶投控,綠能環保
3714,TSE,26,富采,光電業
3715,TSE,28,定穎投控,電子零組件
4102,OTC,22,永日,生技醫療
4104,TSE,22,佳醫,生技醫療
4105,OTC,22,東洋,生技醫療
4106,TSE,22,雃博,生技醫療
4107,OTC,22,邦特,生技醫療
4108,TSE,22,懷特,生技醫療
4109,OTC,22,加捷生醫,生技醫療
4111,OTC,22,濟生,生技醫療
4113,OTC,14,聯上,建材營造
4114,OTC,22,健喬,生技醫療
4116,OTC,22,明基醫,生技醫療
4119,TSE,22,旭富,生技醫療
4120,OTC,22,友華,生技醫療
4121,OTC,22,優盛,生技醫療
4123,OTC,22,晟德,生技醫療
4126,OTC,22,太醫,生技醫療
4127,OTC,22,天良,生技醫療
4128,OTC,22,中天,生技醫療
4129,OTC,22,聯合,生技醫療
4130,OTC,22,健亞,生技醫療
4131,OTC,22,浩泰,生技醫療
4133,TSE,22,亞諾法,生技醫療
4137,TSE,22,麗豐-KY,生技醫療
4138,OTC,22,曜亞,生技醫療
4139,OTC,22,馬光-KY,生技醫療
4142,TSE,22,國光生,生技醫療
4147,OTC,22,中裕,生技醫療
4148,TSE,22,全宇生技-KY,生技醫療
4153,OTC,22,鈺緯,生技醫療
4154,OTC,20,樂威科-KY,其他
4155,TSE,22,訊映,生技醫療
4157,OTC,22,太景*-KY,生技醫療
4160,OTC,22,訊聯基因,生技醫療
4161,OTC,22,聿新科,生技醫療
4162,OTC,22,智擎,生技醫療
4163,OTC,22,鐿鈦,生技醫療
4164,TSE,22,承業醫,生技醫療
4167,OTC,22,松瑞藥,生技醫療
4168,OTC,22,醣聯,生技醫療
4171,OTC,33,瑞基,農業科技
4173,OTC,22,久裕,生技醫療
4174,OTC,22,浩鼎,生技醫療
4175,OTC,22,杏一,生技醫療
4183,OTC,22,福永生技,生技醫療
4188,OTC,22,安克,生技醫療
4190,TSE,22,佐登-KY,生技醫療
4192,OTC,22,杏國,生技醫療
4198,OTC,22,欣大健康,生技醫療
4205,OTC,2,中華食,食品工業
4207,OTC,2,環泰,食品工業
4303,OTC,3,信立,塑膠工業
4304,OTC,3,勝昱,塑膠工業
4305,OTC,3,世坤,塑膠工業
4306,TSE,3,炎洲,塑膠工業
4401,OTC,4,東隆興,紡織纖維
4402,OTC,4,福大,紡織纖維
4406,OTC,4,新昕纖,紡織纖維
4413,OTC,4,飛寶企業,紡織纖維
4414,TSE,4,如興,紡織纖維
4416,OTC,14,三圓,建材營造
4417,OTC,4,金洲,紡織纖維
4419,OTC,4,元勝,紡織纖維
4420,OTC,4,光明,紡織纖維
4426,TSE,4,利勤,紡織纖維
4430,OTC,20,耀億,其他
4432,OTC,4,銘旺實,紡織纖維
4433,OTC,4,興采,紡織纖維
4438,TSE,4,廣越,紡織纖維
4439,TSE,4,冠星-KY,紡織纖維
4440,TSE,4,宜新實業,紡織纖維
4502,OTC,5,健信,電機機械
4503,OTC,5,金雨,電機機械
4506,OTC,5,崇友,電機機械
4510,OTC,5,高鋒,電機機械
4513,OTC,5,福裕,電機機械
4523,OTC,5,永彰,電機機械
4526,TSE,5,東台,電機機械
4527,OTC,5,方方土霖,電機機械
4528,OTC,5,江興鍛,電機機械
4529,OTC,20,淳紳,其他
4530,OTC,16,宏易,觀光餐旅
4532,TSE,5,瑞智,電機機械
4533,OTC,5,協易機,電機機械
4534,OTC,5,慶騰,電機機械
4535,OTC,5,至興,電機機械
4536,TSE,37,拓凱,運動休閒
4538,OTC,5,大詠城,電機機械
4540,TSE,5,全球傳動,電機機械
4541,OTC,20,晟田,其他
4542,OTC,28,科嶠,電子零組件
4543,OTC,5,萬在,電機機械
4545,TSE,28,銘鈺,電子零組件
4549,OTC,5,桓達,電機機械
4550,OTC,5,長佳,電機機械
4551,TSE,12,智伸科,汽車工業
4552,TSE,5,力達-KY,電機機械
4554,OTC,31,橙的,其他電子業
4555,TSE,5,氣立,電機機械
4556,OTC,20,旭然,其他
4557,TSE,12,永新-KY,汽車工業
4558,OTC,5,寶緯,電機機械
4560,TSE,5,強信-KY,電機機械
4561,OTC,5,健椿,電機機械
4562,TSE,5,穎漢,電機機械
4563,OTC,5,百德,電機機械
4564,TSE,5,元翎,電機機械
4566,TSE,5,時碩工業,電機機械
4568,OTC,5,科際精密,電機機械
4569,TSE,12,六方科-KY,汽車工業
4571,TSE,5,鈞興-KY,電機機械
4572,TSE,5,駐龍,電機機械
4576,TSE,5,大銀微系統,電機機械
4577,OTC,31,達航科技,其他電子業
4580,OTC,5,捷流閥業,電機機械
4581,TSE,12,光隆精密-KY,汽車工業
4583,TSE,5,台灣精銳,電機機械
4584,OTC,5,君帆,電機機械
4609,OTC,38,唐鋒,居家生活
4702,OTC,38,中美實,居家生活
4706,OTC,21,大恭,化學工業
4707,OTC,21,磐亞,化學工業
4711,OTC,21,永純,化學工業
4712,OTC,2,福格創新,食品工業
4714,OTC,21,永捷,化學工業
4716,OTC,21,大立,化學工業
4720,TSE,21,德淵,化學工業
4721,OTC,21,美琪瑪,化學工業
4722,TSE,21,國精化,化學工業
4726,OTC,22,永昕,生技醫療
4728,OTC,22,雙美,生技醫療
4729,OTC,26,熒茂,光電業
4735,OTC,22,豪展,生技醫療
4736,OTC,22,泰博,生技醫療
4737,TSE,22,華廣,生技醫療
4739,TSE,21,康普,化學工業
4741,OTC,21,泓瀚,化學工業
4743,OTC,22,合一,生技醫療
4744,OTC,22,皇將,生技醫療
4745,OTC,22,合富-KY,生技醫療
4746,TSE,22,台耀,生技醫療
4747,OTC,22,強生,生技醫療
4754,OTC,21,國碳科,化學工業
4755,TSE,21,三福化,化學工業
4760,OTC,31,勤凱,其他電子業
4763,TSE,21,材料-KY,化學工業
4764,TSE,21,雙鍵,化學工業
4766,TSE,21,南寶,化學工業
4767,OTC,21,誠泰科技,化學工業
4768,OTC,21,晶呈科技,化學工業
4770,TSE,21,上品,化學工業
4804,OTC,16,大略-KY,觀光餐旅
4806,OTC,32,昇華,文化創意業
4807,TSE,18,日成-KY,貿易百貨
4903,OTC,27,聯光通,通信網路業
4904,TSE,27,遠傳,通信網路業
4905,OTC,27,台聯電,通信網路業
4906,TSE,27,正文,通信網路業
4907,OTC,14,富宇,建材營造
4908,OTC,27,前鼎,通信網路業
4909,OTC,27,新復興,通信網路業
4911,OTC,22,德英,生技醫療
4912,TSE,28,聯德控股-KY,電子零組件
4915,TSE,28,致伸,電子零組件
4916,TSE,25,事欣科,電腦及週邊
4919,TSE,24,新唐,半導體
4923,OTC,24,力士,半導體
4924,OTC,25,欣厚-KY,電腦及週邊
4927,TSE,28,泰鼎-KY,電子零組件
4930,TSE,6,燦星網,電器電纜
4931,OTC,25,新盛力,電腦及週邊
4933,OTC,26,友輝,光電業
4934,TSE,26,太極,光電業
4935,TSE,26,茂林-KY,光電業
4938,TSE,25,和碩,電腦及週邊
4939,OTC,28,亞電,電子零組件
4942,TSE,26,嘉彰,光電業
4943,TSE,28,康控-KY,電子零組件
4944,OTC,26,兆遠,光電業
4945,OTC,24,陞達科技,半導體
4946,OTC,32,辣椒,文化創意業
4950,OTC,20,牧東,其他
4951,OTC,24,精拓科,半導體
4952,TSE,24,凌通,半導體
4953,OTC,30,緯軟,資訊服務業
4956,TSE,26,光鋐,光電業
4958,TSE,28,臻鼎-KY,電子零組件
4960,TSE,26,誠美材,光電業
4961,TSE,24,天鈺,半導體
4966,OTC,24,譜瑞-KY,半導體
4967,TSE,24,十銓,半導體
4968,TSE,24,立積,半導體
4971,OTC,24,IET-KY,半導體
4972,OTC,26,湯石照明,光電業
4973,OTC,24,廣穎,半導體
4974,OTC,28,亞泰,電子零組件
4976,TSE,26,佳凌,光電業
4977,TSE,27,眾達-KY,通信網路業
4979,OTC,27,華星光,通信網路業
4987,OTC,25,科誠,電腦及週邊
4989,TSE,28,榮科,電子零組件
4991,OTC,24,環宇-KY,半導體
4994,TSE,30,傳奇,資訊服務業
4995,OTC,26,晶達,光電業
4999,TSE,28,鑫禾,電子零組件
5007,TSE,10,三星,鋼鐵工業
5009,OTC,10,榮剛,鋼鐵工業
5011,OTC,10,久陽,鋼鐵工業
5013,OTC,10,強新,鋼鐵工業
5014,OTC,10,建錩,鋼鐵工業
5015,OTC,10,華祺,鋼鐵工業
5016,OTC,10,松和,鋼鐵工業
5201,OTC,30,凱衛,資訊服務業
5202,OTC,30,力新,資訊服務業
5203,TSE,30,訊連,資訊服務業
5205,OTC,35,中茂,綠能環保
5206,OTC,14,坤悅,建材營造
5209,OTC,20,新鼎,其他
5210,OTC,30,寶碩,資訊服務業
5211,OTC,30,蒙恬,資訊服務業
5212,OTC,30,凌網,資訊服務業
5213,OTC,14,亞昕,建材營造
5215,TSE,25,科嘉-KY,電腦及週邊
5220,OTC,26,萬達光電,光電業
5222,TSE,24,全訊,半導體
5223,OTC,25,安力-KY,電腦及週邊
5225,TSE,31,東科-KY,其他電子業
5227,OTC,28,立凱-KY,電子零組件
5228,OTC,28,鈺鎧,電子零組件
5230,OTC,26,雷笛克光學,光電業
5234,TSE,26,達興材料,光電業
5236,OTC,24,凌陽創新,半導體
5243,TSE,26,乙盛-KY,光電業
5244,TSE,26,弘凱,光電業
5245,OTC,26,智晶,光電業
5251,OTC,26,天鉞電,光電業
5258,TSE,25,虹堡,電腦及週邊
5263,OTC,32,智崴,文化創意業
5269,TSE,24,祥碩,半導體
5272,OTC,24,笙科,半導體
5274,OTC,24,信驊,半導體
5276,OTC,20,達輝-KY,其他
5278,OTC,36,尚凡,數位雲端
5281,OTC,26,大峽谷-KY,光電業
5283,TSE,6,禾聯碩,電器電纜
5284,TSE,20,jpp-KY,其他
5285,TSE,24,界霖,半導體
5287,OTC,36,數字,數位雲端
5288,TSE,5,豐祥-KY,電機機械
5289,OTC,25,宜鼎,電腦及週邊
5291,OTC,28,邑昇,電子零組件
5299,OTC,24,杰力,半導體
5301,OTC,16,寶得利,觀光餐旅
5302,OTC,24,太欣,半導體
5306,TSE,37,桂盟,運動休閒
5309,OTC,28,系統電,電子零組件
5310,OTC,30,天剛,資訊服務業
5312,OTC,22,寶島科,生技醫療
5314,OTC,24,世紀,半導體
5315,OTC,26,光聯,光電業
5321,OTC,36,美而快,數位雲端
5324,OTC,14,士開,建材營造
5328,OTC,28,華容,電子零組件
5340,OTC,28,建榮,電子零組件
5344,OTC,24,立衛,半導體
5345,OTC,20,天揚,其他
5347,OTC,24,世界,半導體
5348,OTC,27,正能量智能,通信網路業
5351,OTC,24,鈺創,半導體
5353,OTC,27,台林,通信網路業
5355,OTC,28,佳總,電子零組件
5356,OTC,25,協益,電腦及週邊
5364,OTC,16,力麗店,觀光餐旅
5371,OTC,26,中光電,光電業
5381,OTC,28,合正,電子零組件
5383,OTC,31,金利,其他電子業
5386,OTC,25,青雲,電腦及週邊
5388,TSE,27,中磊,通信網路業
5392,OTC,26,能率,光電業
5398,OTC,20,慕康生醫,其他
5403,OTC,30,中菲,資訊服務業
5410,OTC,30,國眾,資訊服務業
5425,OTC,24,台半,半導體
5426,OTC,25,振發,電腦及週邊
5432,OTC,26,新門,光電業
5434,TSE,29,崇越,電子通路業
5438,OTC,25,東友,電腦及週邊
5439,OTC,28,高技,電子零組件
5443,OTC,26,均豪,光電業
5450,OTC,20,南良,其他
5452,OTC,31,佶優,其他電子業
5455,OTC,14,昇益,建材營造
5457,OTC,28,宣德,電子零組件
5460,OTC,28,同協,電子零組件
5464,OTC,28,霖宏,電子零組件
5465,OTC,25,富驊,電腦及週邊
5468,OTC,24,凱鈺,半導體
5469,TSE,28,瀚宇博,電子零組件
5471,TSE,24,松翰,半導體
5474,OTC,25,聰泰,電腦及週邊
5475,OTC,28,德宏,電子零組件
5478,OTC,32,智冠,文化創意業
5481,OTC,20,新華,其他
5483,OTC,24,中美晶,半導體
5484,TSE,26,慧友,光電業
5487,OTC,24,通泰,半導體
5488,OTC,28,松普,電子零組件
5489,OTC,31,彩富,其他電子業
5490,OTC,25,同亨,電腦及週邊
5493,OTC,31,三聯,其他電子業
5498,OTC,28,凱崴,電子零組件
5508,OTC,14,永信建,建材營造
5511,OTC,14,德昌,建材營造
5512,OTC,14,力麒,建材營造
5514,OTC,14,三豐,建材營造
5515,TSE,14,建國,建材營造
5516,OTC,14,雙喜,建材營造
5519,TSE,14,隆大,建材營造
5520,OTC,14,力泰,建材營造
5521,TSE,14,工信,建材營造
5522,TSE,14,遠雄,建材營造
5523,OTC,14,豐謙,建材營造
5525,TSE,14,順天,建材營造
5529,OTC,14,鉅陞,建材營造
5530,OTC,20,龍巖,其他
5531,TSE,14,鄉林,建材營造
5533,TSE,14,皇鼎,建材營造
5534,TSE,14,長虹,建材營造
5536,OTC,31,聖暉*,其他電子業
5538,TSE,10,東明-KY,鋼鐵工業
5543,OTC,14,桓鼎-KY,建材營造
5546,TSE,14,永固-KY,建材營造
5601,OTC,15,台聯櫃,航運業
5603,OTC,15,陸海,航運業
5604,OTC,20,中連,其他
5607,TSE,15,遠雄港,航運業
5608,TSE,15,四維航,航運業
5609,OTC,15,中菲行,航運業
5701,OTC,16,劍湖山,觀光餐旅
5703,OTC,16,亞都,觀光餐旅
5704,OTC,16,老爺知,觀光餐旅
5706,TSE,16,鳳凰,觀光餐旅
5864,OTC,17,致和證,金融業
5871,TSE,20,中租-KY,其他
5876,TSE,17,上海商銀,金融業
5878,OTC,17,台名,金融業
5880,TSE,17,合庫金,金融業
5902,OTC,38,德記,居家生活
5903,OTC,38,全家,居家生活
5904,OTC,38,寶雅,居家生活
5905,OTC,16,南仁湖,觀光餐旅
5906,TSE,18,台南-KY,貿易百貨
5907,TSE,18,大洋-KY,貿易百貨
6005,TSE,17,群益證,金融業
6015,OTC,17,宏遠證,金融業
6016,OTC,17,康和證,金融業
6020,OTC,17,大展證,金融業
6021,OTC,17,美好證,金融業
6023,OTC,17,元大期,金融業
6024,TSE,17,群益期,金融業
6026,OTC,17,福邦證,金融業
6101,OTC,32,寬魚國際,文化創意業
6103,OTC,24,合邦,半導體
6104,OTC,24,創惟,半導體
6108,TSE,28,競國,電子零組件
6109,OTC,27,亞元,通信網路業
6111,OTC,32,大宇資,文化創意業
6112,TSE,30,邁達特,資訊服務業
6113,OTC,29,亞矽,電子通路業
6114,OTC,28,久威,電子零組件
6115,TSE,28,鎰勝,電子零組件
6116,TSE,26,彩晶,光電業
6117,TSE,25,迎廣,電腦及週邊
6118,OTC,29,建達,電子通路業
6120,TSE,26,達運,光電業
6121,OTC,25,新普,電腦及週邊
6122,OTC,5,擎邦,電機機械
6123,OTC,30,上奇,資訊服務業
6124,OTC,28,業強,電子零組件
6125,OTC,26,廣運,光電業
6126,OTC,28,信音,電子零組件
6127,OTC,28,九豪,電子零組件
6128,TSE,25,上福,電腦及週邊
6129,OTC,24,普誠,半導體
6130,OTC,22,上亞科技,生技醫療
6133,TSE,28,金橋,電子零組件
6134,OTC,28,萬旭,電子零組件
6136,TSE,27,富爾特,通信網路業
6138,OTC,24,茂達,半導體
6139,TSE,31,亞翔,其他電子業
6140,OTC,30,訊達,資訊服務業
6141,TSE,28,柏承,電子零組件
6142,TSE,27,友勁,通信網路業
6143,OTC,27,振曜,通信網路業
6144,OTC,32,得利影,文化創意業
6146,OTC,31,耕興,其他電子業
6147,OTC,24,頎邦,半導體
6148,OTC,30,驊宏資,資訊服務業
6150,OTC,25,撼訊,電腦及週邊
6151,OTC,31,晉倫,其他電子業
6152,TSE,27,百一,通信網路業
6153,TSE,28,嘉聯益,電子零組件
6154,OTC,29,順發,電子通路業
6155,TSE,28,鈞寶,電子零組件
6156,OTC,28,松上,電子零組件
6158,OTC,28,禾昌,電子零組件
6160,OTC,25,欣技,電腦及週邊
6161,OTC,25,捷波,電腦及週邊
6163,OTC,27,華電網,通信網路業
6164,TSE,26,華興,光電業
6165,TSE,36,浪凡,數位雲端
6166,TSE,25,凌華,電腦及週邊
6167,OTC,26,久正,光電業
6168,TSE,26,宏齊,光電業
6169,OTC,32,昱泉,文化創意業
6170,OTC,27,統振,通信網路業
6171,OTC,14,大城地產,建材營造
6173,OTC,28,信昌電,電子零組件
6174,OTC,28,安,電子零組件
6175,OTC,28,立敦,電子零組件
6176,TSE,26,瑞儀,光電業
6177,TSE,14,達麗,建材營造
6179,OTC,20,亞通,其他
6180,OTC,32,橘子,文化創意業
6182,OTC,24,合晶,半導體
6183,TSE,30,關貿,資訊服務業
6184,TSE,20,大豐電,其他
6185,OTC,28,幃翔,電子零組件
6186,OTC,14,新潤,建材營造
6187,OTC,31,萬潤,其他電子業
6188,OTC,25,廣明,電腦及週邊
6189,TSE,29,豐藝,電子通路業
6190,OTC,27,萬泰科,通信網路業
6191,TSE,28,精成科,電子零組件
6192,TSE,31,巨路,其他電子業
6194,OTC,28,育富,電子零組件
6195,OTC,38,詩肯,居家生活
6196,TSE,31,帆宣,其他電子業
6197,TSE,28,佳必琪,電子零組件
6198,OTC,24,瑞築,半導體
6199,OTC,20,天品,其他
6201,TSE,31,亞弘電,其他電子業
6202,TSE,24,盛群,半導體
6203,OTC,28,海韻電,電子零組件
6204,OTC,28,艾華,電子零組件
6205,TSE,28,詮欣,電子零組件
6206,TSE,25,飛捷,電腦及週邊
6207,OTC,28,雷科,電子零組件
6208,OTC,28,日揚,電子零組件
6209,TSE,26,今國光,光電業
6210,OTC,28,慶生,電子零組件
6212,OTC,14,理銘,建材營造
6213,TSE,28,聯茂,電子零組件
6214,TSE,30,精誠,資訊服務業
6215,TSE,31,和椿,其他電子業
6216,TSE,27,居易,通信網路業
6217,OTC,28,中探針,電子零組件
6218,OTC,27,豪勉,通信網路業
6219,OTC,14,富旺,建材營造
6220,OTC,28,岳豐,電子零組件
6221,OTC,30,晉泰,資訊服務業
6222,OTC,26,上揚,光電業
6223,OTC,24,旺矽,半導體
6224,TSE,28,聚鼎,電子零組件
6225,TSE,26,天瀚,光電業
6226,TSE,26,光鼎,光電業
6227,OTC,29,茂綸,電子通路業
6228,OTC,25,全譜,電腦及週邊
6229,OTC,24,研通,半導體
6230,TSE,25,尼得科超眾,電腦及週邊
6231,OTC,30,系微,資訊服務業
6233,OTC,24,旺玖,半導體
6234,OTC,26,高僑,光電業
6235,TSE,25,華孚,電腦及週邊
6236,OTC,20,中湛,其他
6237,OTC,24,驊訊,半導體
6239,TSE,24,力成,半導體
6240,OTC,20,松崗,其他
6241,OTC,27,易通展,通信網路業
6242,OTC,22,立康,生技醫療
6243,TSE,24,迅杰,半導體
6244,OTC,26,茂迪,光電業
6245,OTC,27,立端,通信網路業
6246,OTC,26,臺龍,光電業
6248,OTC,10,沛波,鋼鐵工業
6257,TSE,24,矽格,半導體
6259,OTC,28,百徽,電子零組件
6261,OTC,24,久元,半導體
6263,OTC,27,普萊德,通信網路業
6264,OTC,14,富裔,建材營造
6265,OTC,29,方土昶,電子通路業
6266,OTC,28,泰詠,電子零組件
6269,TSE,28,台郡,電子零組件
6270,OTC,29,倍微,電子通路業
6271,TSE,24,同欣電,半導體
6274,OTC,28,台燿,電子零組件
6275,OTC,28,元山,電子零組件
6276,OTC,25,安鈦克,電腦及週邊
6277,TSE,25,宏正,電腦及週邊
6278,TSE,26,台表科,光電業
6279,OTC,28,胡連,電子零組件
6281,TSE,29,全國電,電子通路業
6282,TSE,28,康舒,電子零組件
6283,TSE,31,淳安,其他電子業
6284,OTC,28,佳邦,電子零組件
6285,TSE,27,啟,通信網路業
6287,OTC,24,元隆,半導體
6288,TSE,12,聯嘉,汽車工業
6290,OTC,28,良維,電子零組件
6291,OTC,24,沛亨,半導體
6292,OTC,28,迅德,電子零組件
6294,OTC,32,智基,文化創意業
6404,OTC,30,通訊-KY,資訊服務業
6405,TSE,26,悅城,光電業
6409,TSE,31,旭隼,其他電子業
6411,OTC,24,晶焱,半導體
6412,TSE,28,群電,電子零組件
6414,TSE,25,樺漢,電腦及週邊
6415,TSE,24,矽力*-KY,半導體
6416,TSE,27,瑞祺電通,通信網路業
6417,OTC,27,韋僑,通信網路業
6418,OTC,28,詠昇,電子零組件
6419,OTC,26,京晨科,光電業
6425,OTC,5,易發,電機機械
6426,TSE,27,統新,通信網路業
6431,TSE,22,光麗-KY,生技醫療
6432,OTC,28,今展科,電子零組件
6435,OTC,24,大中,半導體
6438,TSE,31,迅得,其他電子業
6441,OTC,25,廣錠,電腦及週邊
6442,TSE,27,光聖,通信網路業
6443,TSE,26,元晶,光電業
6446,OTC,22,藥華藥,生技醫療
6449,TSE,28,鈺邦,電子零組件
6451,TSE,24,訊芯-KY,半導體
6456,TSE,26,GIS-KY,光電業
6457,OTC,24,紘康,半導體
6461,OTC,22,益得,生技醫療
6462,OTC,24,神盾,半導體
6464,TSE,20,台數科,其他
6465,OTC,27,威潤,通信網路業
6469,OTC,22,大樹,生技醫療
6470,OTC,27,宇智,通信網路業
6472,OTC,22,保瑞,生技醫療
6477,TSE,26,安集,光電業
6482,OTC,32,弘煜科,文化創意業
6485,OTC,24,點序,半導體
6486,OTC,27,互動,通信網路業
6488,OTC,24,環球晶,半導體
6491,TSE,22,晶碩,生技醫療
6492,OTC,22,生華科,生技醫療
6494,OTC,24,九齊,半導體
6496,OTC,22,科懋,生技醫療
6499,OTC,22,益安,生技醫療
6504,TSE,20,南六,其他
6505,TSE,23,台塑化,油電燃氣業
6506,OTC,4,雙邦,紡織纖維
6508,OTC,33,惠光,農業科技
6509,OTC,21,聚和,化學工業
6510,OTC,24,精測,半導體
6512,OTC,31,啟發電,其他電子業
6514,OTC,27,芮特-KY,通信網路業
6515,TSE,24,穎崴,半導體
6516,OTC,30,勤崴國際,資訊服務業
6517,OTC,26,保勝光學,光電業
6523,OTC,22,達爾膚,生技醫療
6525,TSE,24,捷敏-KY,半導體
6527,OTC,22,明達醫,生技醫療
6530,OTC,27,創威,通信網路業
6531,TSE,24,愛普*,半導體
6532,OTC,24,瑞耘,半導體
6533,TSE,24,晶心科,半導體
6535,OTC,22,順藥,生技醫療
6538,OTC,28,倉和,電子零組件
6541,TSE,22,泰福-KY,生技醫療
6542,OTC,32,隆中,文化創意業
6546,OTC,27,正基,通信網路業
6547,OTC,22,高端疫苗,生技醫療
6548,OTC,24,長科*,半導體
6550,TSE,22,北極星藥業-KY,生技醫療
6552,TSE,24,易華電,半導體
6556,OTC,26,勝品,光電業
6558,TSE,31,興能高,其他電子業
6560,OTC,26,欣普羅,光電業
6561,OTC,27,是方,通信網路業
6568,OTC,24,宏觀,半導體
6569,OTC,22,醫揚,生技醫療
6570,OTC,25,維田,電腦及週邊
6573,TSE,24,虹揚-KY,半導體
6574,OTC,22,霈方,生技醫療
6576,OTC,22,逸達,生技醫療
6577,OTC,25,勁豐,電腦及週邊
6578,OTC,33,達邦蛋白,農業科技
6579,TSE,25,研揚,電腦及週邊
6581,TSE,35,鋼聯,綠能環保
6582,TSE,11,申豐,橡膠工業
6584,OTC,28,南俊國際,電子零組件
6585,TSE,20,鼎基,其他
6588,OTC,27,東典,通信網路業
6589,OTC,22,台康生技,生技醫療
6590,OTC,30,普鴻,資訊服務業
6591,TSE,25,動力-KY,電腦及週邊
6592,TSE,20,和潤企業,其他
6593,OTC,30,台灣銘板,資訊服務業
6596,OTC,32,寬宏藝術,文化創意業
6598,TSE,22,ABC-KY,生技醫療
6603,OTC,5,富強鑫,電機機械
6605,TSE,12,帝寶,汽車工業
6606,TSE,5,建德工業,電機機械
6609,OTC,5,瀧澤科,電機機械
6612,OTC,22,奈米醫材,生技醫療
6613,OTC,31,朋億*,其他電子業
6615,OTC,22,慧智,生技醫療
6616,OTC,38,特昇-KY,居家生活
6624,OTC,35,萬年清,綠能環保
6625,TSE,20,必應,其他
6629,OTC,38,泰金-KY,居家生活
6640,OTC,24,均華,半導體
6641,TSE,35,基士德-KY,綠能環保
6642,OTC,28,富致,電子零組件
6643,OTC,24,M31,半導體
6649,OTC,22,台生材,生技醫療
6651,OTC,24,全宇昕,半導體
6654,OTC,31,天正國際,其他電子業
6655,TSE,20,科定,其他
6657,TSE,22,華安,生技醫療
6661,OTC,22,威健生技,生技醫療
6662,OTC,22,樂斯科,生技醫療
6664,OTC,28,群翊,電子零組件
6666,TSE,22,羅麗芬-KY,生技醫療
6667,OTC,31,信紘科,其他電子業
6668,TSE,26,中揚光,光電業
6669,TSE,25,緯穎,電腦及週邊
6670,TSE,37,復盛應用,運動休閒
6671,TSE,38,三能-KY,居家生活
6672,TSE,28,騰輝電子-KY,電子零組件
6674,TSE,27,鋐寶科技,通信網路業
6679,OTC,24,鈺太,半導體
6680,OTC,25,鑫創電子,電腦及週邊
6683,OTC,24,雍智科技,半導體
6684,OTC,24,安格,半導體
6689,TSE,36,伊雲谷,數位雲端
6690,OTC,36,安硌穈T,數位雲端
6691,TSE,31,洋基工程,其他電子業
6693,OTC,24,廣閎科,半導體
6695,TSE,24,芯鼎,半導體
6697,OTC,30,東捷資訊,資訊服務業
6698,TSE,31,旭暉應材,其他電子業
6703,OTC,22,軒郁,生技醫療
6706,TSE,26,惠特,光電業
6708,OTC,24,天擎,半導體
6712,OTC,22,長聖,生技醫療
6715,TSE,28,嘉基,電子零組件
6716,OTC,24,應廣,半導體
6719,TSE,24,力智,半導體
6721,OTC,20,信實,其他
6727,OTC,28,亞泰金屬,電子零組件
6728,OTC,38,上洋,居家生活
6732,OTC,24,昇佳電子,半導體
6733,OTC,22,博晟生醫,生技醫療
6735,OTC,31,美達科技,其他電子業
6741,OTC,36,91APP*-KY,數位雲端
6743,TSE,31,安普新,其他電子業
6747,OTC,22,亨泰光,生技醫療
6751,OTC,30,智聯服務,資訊服務業
6752,OTC,30,叡揚,資訊服務業
6753,TSE,15,龍德造船,航運業
6754,TSE,38,匯僑設計,居家生活
6756,TSE,24,威鋒電子,半導體
6761,OTC,28,穩得,電子零組件
6762,OTC,22,達亞,生技醫療
6763,OTC,36,綠界科技,數位雲端
6767,OTC,22,台微醫,生技醫療
6768,TSE,37,志強-KY,運動休閒
6770,TSE,24,力積電,半導體
6776,TSE,29,展眥篕,電子通路業
6781,TSE,28,AES-KY,電子零組件
6782,TSE,22,視陽,生技醫療
6788,OTC,24,華景電,半導體
6789,TSE,24,采鈺,半導體
6790,TSE,9,永豐實,造紙工業
6791,OTC,30,虎門科技,資訊服務業
6792,TSE,27,詠業,通信網路業
6796,TSE,22,晉弘,生技醫療
6799,TSE,24,來頡,半導體
6803,OTC,35,崑鼎,綠能環保
6804,OTC,37,明係,運動休閒
6806,TSE,35,森崴能源,綠能環保
6807,TSE,38,峰源-KY,居家生活
6811,OTC,36,宏硌穈T,數位雲端
6821,OTC,28,聯寶,電子零組件
6823,OTC,24,濾能,半導體
6829,OTC,5,千附精密,電機機械
6830,TSE,31,汎銓,其他電子業
6834,TSE,28,天二科技,電子零組件
6835,TSE,28,圓裕,電子零組件
6840,OTC,31,東研信超,其他電子業
6841,OTC,22,長佳智能,生技醫療
6843,OTC,5,進典,電機機械
6846,OTC,2,綠茵,食品工業
6855,OTC,31,數泓科,其他電子業
6859,OTC,26,伯特光,光電業
6861,TSE,22,睿生光電,生技醫療
6863,TSE,27,永道-KY,通信網路業
6865,OTC,30,偉康科技,資訊服務業
6870,OTC,36,騰雲,數位雲端
6874,OTC,30,倍力,資訊服務業
6877,OTC,31,鏵友益,其他電子業
6895,OTC,24,宏碩系統,半導體
6901,TSE,20,鑽石投資,其他
7402,OTC,26,邑錡,光電業
7556,OTC,24,意德士科技,半導體
8011,TSE,27,台通,通信網路業
8016,TSE,24,矽創,半導體
8021,TSE,31,尖點,其他電子業
8024,OTC,24,佑華,半導體
8027,OTC,5,鈦昇,電機機械
8028,TSE,24,昇陽半導體,半導體
8032,OTC,29,光菱,電子通路業
8033,TSE,20,雷虎,其他
8034,OTC,27,榮群,通信網路業
8038,OTC,28,長園科,電子零組件
8039,TSE,28,台虹,電子零組件
8040,OTC,24,九暘,半導體
8042,OTC,28,金山電,電子零組件
8043,OTC,28,蜜望實,電子零組件
8044,OTC,36,網家,數位雲端
8046,TSE,28,南電,電子零組件
8047,OTC,31,星雲,其他電子業
8048,OTC,27,德勝,通信網路業
8049,OTC,26,晶采,光電業
8050,OTC,25,廣積,電腦及週邊
8054,OTC,24,安國,半導體
8059,OTC,27,凱碩,通信網路業
8064,OTC,26,東捷,光電業
8066,OTC,38,來思達,居家生活
8067,OTC,29,志旭,電子通路業
8068,OTC,29,全達,電子通路業
8069,OTC,26,元太,光電業
8070,TSE,29,長華*,電子通路業
8071,OTC,28,能率網通,電子零組件
8072,TSE,29,陞泰,電子通路業
8074,OTC,28,鉅橡,電子零組件
8076,OTC,25,伍豐,電腦及週邊
8077,OTC,16,洛,觀光餐旅
8080,OTC,14,印鉐,建材營造
8081,TSE,24,致新,半導體
8083,OTC,5,瑞穎,電機機械
8084,OTC,29,巨虹,電子通路業
8085,OTC,31,福華,其他電子業
8086,OTC,24,宏捷科,半導體
8087,OTC,35,華鎂鑫,綠能環保
8088,OTC,24,品安,半導體
8089,OTC,27,康全電訊,通信網路業
8091,OTC,28,翔名,電子零組件
8092,OTC,31,建暐,其他電子業
8093,OTC,28,保銳,電子零組件
8096,OTC,29,擎亞,電子通路業
8097,OTC,27,常珵,通信網路業
8099,OTC,30,大世科,資訊服務業
8101,TSE,27,華冠,通信網路業
8103,TSE,28,瀚荃,電子零組件
8104,TSE,26,錸寶,光電業
8105,TSE,26,凌巨,光電業
8107,OTC,5,大億金茂,電機機械
8109,OTC,28,博大,電子零組件
8110,TSE,24,華東,半導體
8111,OTC,26,立,光電業
8112,TSE,29,至上,電子通路業
8114,TSE,25,振樺電,電腦及週邊
8121,OTC,28,越峰,電子零組件
8131,TSE,24,福懋科,半導體
8147,OTC,28,正淩,電子零組件
8150,TSE,24,南茂,半導體
8155,OTC,28,博智,電子零組件
8163,TSE,25,達方,電腦及週邊
8171,OTC,35,天宇,綠能環保
8176,OTC,27,智捷,通信網路業
8182,OTC,28,加高,電子零組件
8183,OTC,31,精星,其他電子業
8201,TSE,31,無敵,其他電子業
8210,TSE,25,勤誠,電腦及週邊
8213,TSE,28,志超,電子零組件
8215,TSE,26,明基材,光電業
8222,TSE,5,寶一,電機機械
8227,OTC,24,巨有科技,半導體
8234,OTC,25,新漢,電腦及週邊
8240,OTC,26,華宏,光電業
8249,TSE,28,菱光,電子零組件
8255,OTC,5,朋程,電機機械
8261,TSE,24,富鼎,半導體
8271,TSE,24,宇瞻,半導體
8277,OTC,24,商丞,半導體
8279,OTC,22,生展,生技醫療
8284,OTC,30,三竹,資訊服務業
8289,OTC,28,泰藝,電子零組件
8291,OTC,28,尚茂,電子零組件
8299,OTC,24,群聯,半導體
8341,TSE,35,日友,綠能環保
8342,OTC,20,益張,其他
8349,OTC,10,矬,鋼鐵工業
8354,OTC,20,冠好,其他
8358,OTC,28,金居,電子零組件
8367,TSE,15,建新國際,航運業
8374,TSE,5,羅昇,電機機械
8383,OTC,31,千附,其他電子業
8390,OTC,35,金益鼎,綠能環保
8401,OTC,20,白紗科,其他
8403,OTC,22,盛弘,生技醫療
8404,TSE,20,百和興業-KY,其他
8409,OTC,22,商之器,生技醫療
8410,OTC,25,森田,電腦及週邊
8411,TSE,20,福貞-KY,其他
8415,OTC,10,大國鋼,鋼鐵工業
8416,OTC,30,實威,資訊服務業
8418,OTC,20,捷必勝-KY,其他
8420,OTC,37,明揚,運動休閒
8421,OTC,20,旭源,其他
8422,TSE,35,可寧衛,綠能環保
8423,OTC,35,保綠-KY,綠能環保
8424,OTC,14,惠普,建材營造
8426,OTC,20,紅木-KY,其他
8429,TSE,18,金麗-KY,貿易百貨
8431,OTC,31,匯鑽科,其他電子業
8432,OTC,22,東生華,生技醫療
8433,OTC,38,弘帆,居家生活
8435,OTC,20,鉅邁,其他
8436,OTC,22,大江,生技醫療
8437,OTC,20,大地-KY,其他
8438,TSE,35,昶昕,綠能環保
8440,OTC,35,綠電,綠能環保
8442,TSE,20,威宏-KY,其他
8443,TSE,18,阿瘦,貿易百貨
8444,OTC,20,綠河-KY,其他
8446,OTC,32,華研,文化創意業
8450,OTC,32,霹靂,文化創意業
8454,TSE,36,富邦媒,數位雲端
8455,OTC,31,大拓-KY,其他電子業
8462,TSE,37,柏文,運動休閒
8463,TSE,20,潤泰材,其他
8464,TSE,38,億豐,居家生活
8466,TSE,20,美吉吉-KY,其他
8467,TSE,37,波力-KY,運動休閒
8472,OTC,36,夠麻吉,數位雲端
8473,TSE,35,山林水,綠能環保
8476,OTC,35,台境,綠能環保
8477,OTC,36,創業家,數位雲端
8478,TSE,37,東哥遊艇,運動休閒
8481,TSE,20,政伸,其他
8482,TSE,38,商億-KY,居家生活
8488,TSE,20,吉源-KY,其他
8489,OTC,20,三貝德,其他
8499,TSE,31,鼎炫-KY,其他電子業
8905,OTC,20,裕國,其他
8906,OTC,20,花王,其他
8908,OTC,23,欣雄,油電燃氣業
8916,OTC,20,光隆,其他
8917,OTC,23,欣泰,油電燃氣業
8921,OTC,20,沈氏,其他
8923,OTC,32,時報,文化創意業
8924,OTC,37,大田,運動休閒
8926,TSE,23,台汽電,油電燃氣業
8927,OTC,23,北基,油電燃氣業
8928,OTC,37,鉅明,運動休閒
8929,OTC,20,富堡,其他
8930,OTC,10,青鋼,鋼鐵工業
8931,OTC,23,大汽電,油電燃氣業
8932,OTC,20,智通,其他
8933,OTC,37,愛地雅,運動休閒
8935,OTC,20,邦泰,其他
8936,OTC,20,國統,其他
8937,OTC,20,合騏,其他
8938,OTC,37,明安,運動休閒
8940,TSE,16,新天地,觀光餐旅
8941,OTC,38,關中,居家生活
8942,OTC,20,森鉅,其他
8996,TSE,5,高力,電機機械
9103,TSE,91,美德醫療-DR,存託憑證
910322,TSE,91,康師傅-DR,存託憑證
9105,TSE,91,泰金寶-DR,存託憑證
910861,TSE,91,神州-DR,存託憑證
9110,TSE,91,越南控-DR,存託憑證
911608,TSE,91,明輝-DR,存託憑證
911622,TSE,91,泰聚亨-DR,存託憑證
911868,TSE,91,同方友友-DR,存託憑證
912000,TSE,91,晨訊科-DR,存託憑證
9136,TSE,91,巨騰-DR,存託憑證
9802,TSE,37,鈺齊-KY,運動休閒
9902,TSE,20,台火,其他
9904,TSE,37,寶成,運動休閒
9905,TSE,20,大華,其他
9906,TSE,14,欣巴巴,建材營造
9907,TSE,20,統一實,其他
9908,TSE,23,大台北,油電燃氣業
9910,TSE,37,豐泰,運動休閒
9911,TSE,38,櫻花,居家生活
9912,TSE,25,偉聯,電腦及週邊
9914,TSE,37,美利達,運動休閒
9917,TSE,20,中保科,其他
9918,TSE,23,欣天然,油電燃氣業
9919,TSE,20,康那香,其他
9921,TSE,37,巨大,運動休閒
9924,TSE,38,福興,居家生活
9925,TSE,20,新保,其他
9926,TSE,23,新海,油電燃氣業
9927,TSE,20,泰銘,其他
9928,TSE,20,中視,其他
9929,TSE,20,秋雨,其他
9930,TSE,35,中聯資源,綠能環保
9931,TSE,23,欣高,油電燃氣業
9933,TSE,20,中鼎,其他
9934,TSE,38,成霖,居家生活
9935,TSE,38,慶豐富,居家生活
9937,TSE,23,全國,油電燃氣業
9938,TSE,20,百和,其他
9939,TSE,20,宏全,其他
9940,TSE,20,信義,其他
9941,TSE,20,裕融,其他
9942,TSE,20,茂順,其他
9943,TSE,16,好樂迪,觀光餐旅
9944,TSE,20,新麗,其他
9945,TSE,20,潤泰新,其他
9946,TSE,14,三發地產,建材營造
9949,OTC,32,琉園,文化創意業
9950,OTC,3,萬國通,塑膠工業
9951,OTC,5,皇田,電機機械
9955,TSE,35,佳龍,綠能環保
9958,TSE,10,世紀鋼,鋼鐵工業
9960,OTC,37,邁達康,運動休閒
9962,OTC,10,有益,鋼鐵工業
